t_s,Cb_mM
1,0.168068523035096
1.5,0.239779888876096
2,0.337682672945447
2.5,0.468417863948107
3,0.638963617414142
3.5,0.856062854723384
4,1.12545314576327
4.5,1.45093987313565
5,1.8333961555069
5.5,2.26981386593925
6,2.75255974252705
6.5,3.26899912439956
7,3.80162949701349
7.5,4.3288138463725
8,4.82612363612842
8.5,5.26820419658567
9,5.63097857005383
9.5,5.89392921152765
10,6.04215840152453
10.5,6.06793933692511
11,5.97153226732103
11.5,5.76114431683339
12,5.45203892728646
12.5,5.06492703228642
13,4.62387323691028
13.5,4.15400829492405
14,3.67934558973649
14.5,3.22095675356889
15,2.79568229647194
15.5,2.41545552774901
16,2.08722188787663
16.5,1.81335776440525
17,1.59244347409563
17.5,1.42022753581067
18,1.29063015955354
18.5,1.19666497460537
19,1.13119942358276
19.5,1.08751652118725
20,1.05967668440378
20.5,1.04270405545956
21,1.032636141142
21.5,1.02647996394531
22,1.02211485929264
22.5,1.01817451411034
23,1.01393140596578
23.5,1.00919724376769
24,1.00424415723547
24.5,0.999743211591151
25,0.996708805545292
25.5,0.996429279876576
26,1.00035661888484
26.5,1.00992554491124
27,1.02628299794919
27.5,1.04994343969917
28,1.0804459463564
28.5,1.11615256104618
29,1.15433913166869
29.5,1.19163828599633
30,1.2247204083273
30.5,1.25095845788252
31,1.2688322083557
31.5,1.27797897729678
32,1.27896789285852
32.5,1.27295445505369
33,1.26135123095258
33.5,1.2455846882558
34,1.22694999271193
34.5,1.20654467634564
35,1.18525407996339
35.5,1.16376532523086
36,1.14259384105141
36.5,1.12211302109296
37,1.10258221018076
37.5,1.08417103385665
38,1.06697961100222
38.5,1.05105491399028
39,1.0364038172218
39.5,1.02300342418998
40,1.010809211507
40.5,0.999761442009093
41,0.989790209997361
41.5,0.980819403153598
42,0.972769801607835
42.5,0.965561484647897
43,0.959115677599653
43.5,0.953356143023084
44,0.948210199285698
44.5,0.943609433885228
45,0.939490167098239
45.5,0.935793712498322
46,0.932466473789879
46.5,0.929459911653911
47,0.926730409495541
47.5,0.924239062848035
48,0.921951413549433
48.5,0.919837146556816
49,0.917869764335325
49.5,0.916026251118242
50,0.914286736961357
50.5,0.912634169398805
51,0.911053998641084
51.5,0.909533880631887
52,0.908063400889347
52.5,0.906633820887667
53,0.905237847772268
53.5,0.903869427428719
54,0.902523560323968
54.5,0.901196139088166
55,0.899883806486249
55.5,0.89858383222077
56,0.897294006891969
56.5,0.896012551400138
57,0.894738040092716
57.5,0.893469336019943
58,0.892205536755807
58.5,0.890945929354937
59,0.889689953142288
59.5,0.888437169163964
60,0.887187235258849
60.5,0.885939885837836
61,0.884694915577443
61.5,0.883452166345578
62,0.88221151677808
62.5,0.880972874014889
63,0.879736167184425
63.5,0.878501342294226
64,0.877268358245825
64.5,0.87603718374298
65,0.874807794905596
65.5,0.873580173437819
66,0.87235430522885
66.5,0.871130179289721
67,0.869907786949441
67.5,0.868687121250308
68,0.867468176495296
68.5,0.866250947910955
69,0.865035431397575
69.5,0.86382162334493
70,0.862609520497043
70.5,0.861399119853417
71,0.860190418597237
71.5,0.858983414043429
72,0.857778103601268
72.5,0.85657448474758
73,0.855372555007626
73.5,0.854172311941535
74,0.852973753134718
74.5,0.851776876191122
75,0.850581678728507
75.5,0.849388158375155
76,0.848196312767588
76.5,0.847006139548984
77,0.845817636368097
77.5,0.844630800878509
78,0.843445630738121
78.5,0.842262123608808
79,0.841080277156184
79.5,0.839900089049443
80,0.83872155696125
80.5,0.837544678567664
81,0.836369451548096
81.5,0.835195873585266
82,0.834023942365185
82.5,0.832853655577131
83,0.831685010913642
83.5,0.830518006070502
84,0.829352638746737
84.5,0.828188906644602
85,0.827026807469581
85.5,0.82586633893038
86,0.824707498738918
86.5,0.823550284610327
87,0.822394694262947
87.5,0.821240725418317
88,0.820088375801174
88.5,0.818937643139449
89,0.817788525164261
89.5,0.81664101960991
90,0.815495124213879
90.5,0.814350836716824
91,0.813208154862569
91.5,0.812067076398109
92,0.810927599073596
92.5,0.80978972064234
93,0.808653438860804
93.5,0.8075187514886
94,0.806385656288482
94.5,0.805254151026344
95,0.804124233471215
95.5,0.802995901395254
96,0.801869152573746
96.5,0.800743984785098
97,0.799620395810835
97.5,0.798498383435593
98,0.797377945447119
98.5,0.796259079636263
99,0.795141783796974
99.5,0.794026055726297
100,0.792911893224369
100.5,0.791799294094414
101,0.790688256142736
101.5,0.78957877717872
102,0.788470855014823
102.5,0.787364487466574
103,0.786259672352563
103.5,0.785156407494444
104,0.784054690716928
104.5,0.782954519847777
105,0.7818558927178
105.5,0.780758807160852
106,0.779663261013827
106.5,0.778569252116654
107,0.777476778312291
107.5,0.776385837446726
108,0.775296427368968
108.5,0.774208545931043
109,0.773122190987994
109.5,0.77203736039787
110,0.770954052021729
110.5,0.769872263723628
111,0.768791993370622
111.5,0.76771323883276
112,0.766635997983077
112.5,0.765560268697595
113,0.764486048855315
113.5,0.763413336338214
114,0.762342129031243
114.5,0.761272424822318
115,0.760204221602321
115.5,0.759137517265091
116,0.758072309707425
116.5,0.75700859682907
117,0.755946376532719
117.5,0.75488564672401
118,0.753826405311517
118.5,0.752768650206752
119,0.751712379324155
119.5,0.750657590581093
120,0.749604281897856
120.5,0.748552451197652
121,0.747502096406602
121.5,0.746453215453738
122,0.745405806270999
122.5,0.744359866793224
123,0.74331539495815
123.5,0.742272388706409
124,0.741230845981521
124.5,0.740190764729893
125,0.739152142900814
125.5,0.738114978446448
126,0.737079269321835
126.5,0.736045013484883
127,0.735012208896367
127.5,0.733980853519921
128,0.732950945322038
128.5,0.731922482272065
129,0.730895462342197
129.5,0.729869883507475
130,0.728845743745781
130.5,0.727823041037835
131,0.726801773367189
131.5,0.725781938720227
132,0.724763535086156
132.5,0.723746560457006
133,0.722731012827625
133.5,0.721716890195671
134,0.720704190561616
134.5,0.719692911928736
135,0.718683052303109
135.5,0.71767460969361
136,0.716667582111908
136.5,0.715661967572463
137,0.714657764092521
137.5,0.713654969692109
138,0.712653582394034
138.5,0.711653600223875
139,0.710655021209983
139.5,0.709657843383476
140,0.708662064778235
140.5,0.707667683430897
141,0.706674697380856
141.5,0.705683104670259
142,0.704692903343995
142.5,0.703704091449703
143,0.702716667037755
143.5,0.701730628161264
144,0.700745972876072
144.5,0.699762699240749
145,0.698780805316589
145.5,0.697800289167609
146,0.69682114886054
146.5,0.695843382464826
147,0.69486698805262
147.5,0.693891963698781
148,0.692918307480869
148.5,0.691946017479141
149,0.690975091776547
149.5,0.69000552845873
150,0.689037325614015
150.5,0.688070481333414
151,0.687104993710613
151.5,0.686140860841976
152,0.685178080826538
152.5,0.684216651766
153,0.683256571764727
153.5,0.682297838929745
154,0.681340451370735
154.5,0.680384407200032
155,0.679429704532617
155.5,0.678476341486119
156,0.677524316180807
156.5,0.676573626739586
157,0.675624271287999
157.5,0.674676247954214
158,0.67372955486903
158.5,0.672784190165867
159,0.671840151980764
159.5,0.670897438452375
160,0.669956047721967
160.5,0.669015977933415
161,0.668077227233197
161.5,0.667139793770395
162,0.666203675696684
162.5,0.665268871166335
163,0.66433537833621
163.5,0.663403195365754
164,0.662472320416997
164.5,0.661542751654548
165,0.660614487245591
165.5,0.659687525359881
166,0.658761864169741
166.5,0.657837501850061
167,0.656914436578288
167.5,0.655992666534431
168,0.65507218990105
168.5,0.654153004863254
169,0.653235109608702
169.5,0.652318502327593
170,0.651403181212668
170.5,0.650489144459202
171,0.649576390265003
171.5,0.648664916830408
172,0.647754722358278
172.5,0.646845805053999
173,0.645938163125472
173.5,0.645031794783113
174,0.64412669823985
174.5,0.643222871711119
175,0.642320313414858
175.5,0.641419021571508
176,0.640518994404006
176.5,0.639620230137782
177,0.638722727000758
177.5,0.637826483223338
178,0.636931497038415
178.5,0.636037766681358
179,0.635145290390013
179.5,0.634254066404698
180,0.6333640929682
180.5,0.632475368325774
181,0.631587890725134
181.5,0.630701658416455
182,0.629816669652366
182.5,0.62893292268795
183,0.628050415780735
183.5,0.627169147190698
184,0.626289115180254
184.5,0.625410318014258
185,0.624532753959999
185.5,0.623656421287198
186,0.622781318268004
186.5,0.62190744317699
187,0.62103479429115
187.5,0.620163369889896
188,0.619293168255054
188.5,0.61842418767086
189,0.61755642642396
189.5,0.616689882803403
190,0.615824555100637
190.5,0.61496044160951
191,0.614097540626263
191.5,0.613235850449527
192,0.612375369380321
192.5,0.611516095722048
193,0.610658027780492
193.5,0.609801163863814
194,0.608945502282548
194.5,0.608091041349601
195,0.607237779380243
195.5,0.606385714692114
196,0.605534845605209
196.5,0.604685170441883
197,0.603836687526846
197.5,0.602989395187157
198,0.602143291752222
198.5,0.601298375553793
199,0.600454644925962
199.5,0.599612098205158
200,0.598770733730146
200.5,0.597930549842019
201,0.597091544884201
201.5,0.596253717202439
202,0.595417065144801
202.5,0.594581587061672
203,0.593747281305755
203.5,0.592914146232061
204,0.592082180197911
204.5,0.591251381562931
205,0.590421748689048
205.5,0.589593279940487
206,0.588765973683771
206.5,0.587939828287711
207,0.587114842123411
207.5,0.586291013564258
208,0.585468340985922
208.5,0.584646822766352
209,0.583826457285774
209.5,0.583007242926685
210,0.582189178073855
210.5,0.581372261114317
211,0.580556490437368
211.5,0.579741864434568
212,0.578928381499729
212.5,0.578116040028921
213,0.577304838420462
213.5,0.57649477507492
214,0.575685848395104
214.5,0.574878056786067
215,0.574071398655099
215.5,0.573265872411724
216,0.5724614764677
216.5,0.571658209237011
217,0.570856069135867
217.5,0.570055054582702
218,0.569255163998167
218.5,0.568456395805132
219,0.567658748428677
219.5,0.566862220296093
220,0.566066809836879
220.5,0.565272515482735
221,0.564479335667565
221.5,0.563687268827468
222,0.562896313400738
222.5,0.562106467827861
223,0.561317730551511
223.5,0.560530100016546
224,0.559743574670008
224.5,0.558958152961117
225,0.55817383334127
225.5,0.557390614264036
226,0.556608494185153
226.5,0.555827471562529
227,0.555047544856232
227.5,0.554268712528494
228,0.553490973043703
228.5,0.552714324868403
229,0.551938766471288
229.5,0.551164296323202
230,0.550390912897134
230.5,0.549618614668216
231,0.548847400113721
231.5,0.548077267713055
232,0.547308215947763
232.5,0.546540243301515
233,0.545773348260112
233.5,0.54500752931148
234,0.544242784945664
234.5,0.543479113654832
235,0.542716513933263
235.5,0.541954984277353
236,0.541194523185604
236.5,0.540435129158627
237,0.539676800699138
237.5,0.538919536311952
238,0.538163334503983
238.5,0.537408193784239
239,0.536654112663821
239.5,0.535901089655919
240,0.53514912327581
240.5,0.534398212040853
241,0.533648354470488
241.5,0.532899549086233
242,0.532151794411681
242.5,0.531405088972494
243,0.530659431296405
243.5,0.529914819913213
244,0.529171253354779
244.5,0.528428730155025
245,0.52768724884993
245.5,0.526946807977525
246,0.526207406077896
246.5,0.525469041693175
247,0.524731713367541
247.5,0.523995419647215
248,0.523260159080458
248.5,0.522525930217569
249,0.52179273161088
249.5,0.521060561814755
250,0.520329419385586
250.5,0.51959930288179
251,0.51887021086381
251.5,0.518142141894104
252,0.517415094537152
252.5,0.516689067359445
253,0.515964058929487
253.5,0.51524006781779
254,0.514517092596872
254.5,0.513795131841255
255,0.513074184127458
255.5,0.512354248034002
256,0.511635322141399
256.5,0.510917405032155
257,0.510200495290764
257.5,0.509484591503705
258,0.508769692259442
258.5,0.50805579614842
259,0.507342901763062
259.5,0.506631007697764
260,0.505920112548896
260.5,0.505210214914797
261,0.504501313395773
261.5,0.503793406594094
262,0.503086493113992
262.5,0.502380571561655
263,0.50167564054523
263.5,0.500971698674815
264,0.500268744562459
264.5,0.499566776822159
265,0.498865794069855
265.5,0.49816579492343
266,0.497466778002709
266.5,0.496768741929448
267,0.496071685327343
267.5,0.495375606822017
268,0.494680505041023
268.5,0.493986378613841
269,0.49329322617187
269.5,0.492601046348435
270,0.491909837778774
270.5,0.491219599100044
271,0.490530328951309
271.5,0.489842025973549
272,0.489154688809646
272.5,0.488468316104388
273,0.487782906504466
273.5,0.487098458658467
274,0.486414971216877
274.5,0.485732442832075
275,0.485050872158329
275.5,0.484370257851797
276,0.483690598570523
276.5,0.483011892974434
277,0.482334139725336
277.5,0.481657337486913
278,0.480981484924725
278.5,0.480306580706205
279,0.479632623500654
279.5,0.478959611979241
280,0.478287544815001
280.5,0.477616420682828
281,0.476946238259478
281.5,0.476276996223562
282,0.475608693255547
282.5,0.474941328037751
283,0.474274899254338
283.5,0.473609405591323
284,0.472944845736562
284.5,0.472281218379752
285,0.47161852221243
285.5,0.470956755927969
286,0.470295918221573
286.5,0.46963600779028
287,0.468977023332955
287.5,0.468318963550288
288,0.467661827144793
288.5,0.467005612820804
289,0.466350319284474
289.5,0.465695945243772
290,0.465042489408477
290.5,0.464389950490182
291,0.463738327202285
291.5,0.463087618259991
292,0.462437822380307
292.5,0.461788938282042
293,0.461140964685799
293.5,0.460493900313982
294,0.459847743890781
294.5,0.459202494142181
295,0.458558149795953
295.5,0.457914709581653
296,0.457272172230621
296.5,0.456630536475975
297,0.455989801052613
297.5,0.455349964697205
298,0.454711026148198
298.5,0.454072984145806
299,0.45343583743201
299.5,0.452799584750561
300,0.452164224846966
300.5,0.451529756468499
301,0.450896178364186
301.5,0.450263489284813
302,0.449631687982916
302.5,0.449000773212781
303,0.448370743730446
303.5,0.447741598293689
304,0.447113335662036
304.5,0.44648595459675
305,0.445859453860834
305.5,0.445233832219026
306,0.444609088437798
306.5,0.443985221285352
307,0.443362229531619
307.5,0.442740111948257
308,0.442118867308645
308.5,0.441498494387886
309,0.440878991962799
309.5,0.440260358811922
310,0.439642593715505
310.5,0.43902569545551
311,0.438409662815609
311.5,0.43779449458118
312,0.437180189539305
312.5,0.436566746478768
313,0.435954164190054
313.5,0.435342441465344
314,0.434731577098513
314.5,0.43412156988513
315,0.433512418622453
315.5,0.432904122109429
316,0.432296679146687
316.5,0.431690088536543
317,0.431084349082992
317.5,0.430479459591706
318,0.429875418870034
318.5,0.429272225726999
319,0.428669878973293
319.5,0.428068377421281
320,0.427467719884989
320.5,0.426867905180112
321,0.426268932124003
321.5,0.425670799535678
322,0.425073506235807
322.5,0.424477051046717
323,0.423881432792385
323.5,0.423286650298442
324,0.422692702392164
324.5,0.422099587902472
325,0.421507305659933
325.5,0.420915854496753
326,0.420325233246776
326.5,0.419735440745484
327,0.419146475829993
327.5,0.418558337339049
328,0.417971024113029
328.5,0.417384534993937
329,0.416798868825402
329.5,0.416214024452673
330,0.415630000722624
330.5,0.415046796483743
331,0.414464410586136
331.5,0.413882841881522
332,0.413302089223231
332.5,0.412722151466201
333,0.412143027466979
333.5,0.411564716083715
334,0.410987216176162
334.5,0.410410526605671
335,0.409834646235194
335.5,0.409259573929275
336,0.408685308554054
336.5,0.408111848977261
337,0.407539194068214
337.5,0.406967342697818
338,0.406396293738564
338.5,0.405826046064523
339,0.405256598551347
339.5,0.404687950076264
340,0.40412009951808
340.5,0.403553045757172
341,0.40298678767549
341.5,0.402421324156551
342,0.401856654085439
342.5,0.401292776348804
343,0.400729689834857
343.5,0.400167393433368
344,0.399605886035667
344.5,0.399045166534639
345,0.39848523382472
345.5,0.397926086801902
346,0.397367724363723
346.5,0.396810145409267
347,0.396253348839166
347.5,0.395697333555591
348,0.395142098462258
348.5,0.394587642464417
349,0.394033964468855
349.5,0.393481063383896
350,0.392928938119392
350.5,0.392377587586726
351,0.39182701069881
351.5,0.39127720637008
352,0.390728173516495
352.5,0.390179911055535
353,0.3896324179062
353.5,0.389085692989006
354,0.388539735225985
354.5,0.38799454354068
355,0.387450116858144
355.5,0.386906454104942
356,0.38636355420914
356.5,0.385821416100312
357,0.385280038709533
357.5,0.384739420969378
358,0.384199561813918
358.5,0.383660460178722
359,0.383122115000852
359.5,0.382584525218861
360,0.382047689772791
360.5,0.381511607604173
361,0.380976277656022
361.5,0.380441698872836
362,0.379907870200594
362.5,0.379374790586755
363,0.378842458980254
363.5,0.378310874331501
364,0.377780035592379
364.5,0.377249941716242
365,0.376720591657911
365.5,0.376191984373676
366,0.37566411882129
366.5,0.375136993959968
367,0.374610608750388
367.5,0.374084962154682
368,0.373560053136443
368.5,0.373035880660715
369,0.372512443693995
369.5,0.371989741204231
370,0.371467772160819
370.5,0.370946535534601
371,0.370426030297862
371.5,0.369906255424331
372,0.369387209889175
372.5,0.368868892669
373,0.368351302741849
373.5,0.367834439087198
374,0.367318300685954
374.5,0.366802886520455
375,0.366288195574468
375.5,0.365774226833185
376,0.365260979283221
376.5,0.364748451912614
377,0.364236643710822
377.5,0.363725553668721
378,0.363215180778602
378.5,0.362705524034172
379,0.362196582430547
379.5,0.361688354964257
380,0.361180840633236
380.5,0.360674038436826
381,0.360167947375775
381.5,0.359662566452229
382,0.359157894669737
382.5,0.358653931033247
383,0.358150674549099
383.5,0.357648124225032
384,0.357146279070176
384.5,0.356645138095048
385,0.356144700311559
385.5,0.355644964733003
386,0.355145930374058
386.5,0.354647596250786
387,0.354149961380631
387.5,0.353653024782412
388,0.353156785476329
388.5,0.352661242483953
389,0.35216639482823
389.5,0.351672241533477
390,0.35117878162538
390.5,0.350686014130991
391,0.350193938078729
391.5,0.349702552498374
392,0.34921185642107
392.5,0.348721848879319
393,0.34823252890698
393.5,0.347743895539269
394,0.347255947812756
394.5,0.346768684765361
395,0.346282105436355
395.5,0.345796208866358
396,0.345310994097335
396.5,0.344826460172595
397,0.344342606136791
397.5,0.343859431035915
398,0.343376933917298
398.5,0.342895113829609
399,0.34241396982285
399.5,0.341933500948357
400,0.341453706258797
400.5,0.340974584808167
401,0.34049613565179
401.5,0.340018357846316
402,0.339541250449717
402.5,0.339064812521288
403,0.338589043121644
403.5,0.338113941312718
404,0.33763950615776
404.5,0.337165736721332
405,0.336692632069311
405.5,0.336220191268885
406,0.335748413388548
406.5,0.335277297498104
407,0.334806842668661
407.5,0.33433704797263
408,0.333867912483725
408.5,0.333399435276959
409,0.332931615428642
409.5,0.332464452016382
410,0.331997944119079
410.5,0.331532090816927
411,0.331066891191411
411.5,0.330602344325304
412,0.330138449302665
412.5,0.329675205208841
413,0.32921261113046
413.5,0.328750666155433
414,0.32828936937295
414.5,0.32782871987348
415,0.327368716748766
415.5,0.326909359091829
416,0.326450645996959
416.5,0.32599257655972
417,0.325535149876943
417.5,0.325078365046726
418,0.324622221168435
418.5,0.324166717342698
419,0.323711852671405
419.5,0.323257626257706
420,0.32280403720601
420.5,0.322351084621984
421,0.321898767612546
421.5,0.321447085285872
422,0.320996036751385
422.5,0.320545621119761
423,0.320095837502922
423.5,0.319646685014037
424,0.31919816276752
424.5,0.318750269879024
425,0.318303005465448
425.5,0.317856368644927
426,0.317410358536834
426.5,0.316964974261778
427,0.316520214941602
427.5,0.316076079699381
428,0.31563256765942
428.5,0.315189677947253
429,0.314747409689642
429.5,0.314305762014574
430,0.313864734051259
430.5,0.313424324930128
431,0.312984533782834
431.5,0.312545359742248
432,0.312106801942456
432.5,0.311668859518762
433,0.311231531607682
433.5,0.310794817346942
434,0.31035871587548
434.5,0.309923226333441
435,0.309488347862178
435.5,0.309054079604248
436,0.30862042070341
436.5,0.308187370304626
437,0.307754927554058
437.5,0.307323091599065
438,0.306891861588202
438.5,0.30646123667122
439,0.306031215999063
439.5,0.305601798723866
440,0.305172983998953
440.5,0.304744770978838
441,0.304317158819218
441.5,0.303890146676979
442,0.303463733710187
442.5,0.303037919078089
443,0.302612701941115
443.5,0.302188081460869
444,0.301764056800135
444.5,0.30134062712287
445,0.300917791594204
445.5,0.300495549380439
446,0.300073899649046
446.5,0.299652841568666
447,0.299232374309104
447.5,0.298812497041332
448,0.298393208937485
448.5,0.297974509170858
449,0.297556396915908
449.5,0.29713887134825
450,0.296721931644655
450.5,0.296305576983049
451,0.295889806542513
451.5,0.295474619503278
452,0.295060015046727
452.5,0.29464599235539
453,0.294232550612946
453.5,0.293819689004218
454,0.293407406715172
454.5,0.292995702932919
455,0.292584576845709
455.5,0.29217402764293
456,0.29176405451511
456.5,0.29135465665391
457,0.290945833252128
457.5,0.290537583503692
458,0.290129906603664
458.5,0.289722801748232
459,0.289316268134714
459.5,0.288910304961556
460,0.288504911428324
460.5,0.288100086735712
461,0.287695830085533
461.5,0.28729214068072
462,0.286889017725324
462.5,0.286486460424516
463,0.286084467984579
463.5,0.285683039612911
464,0.285282174518022
464.5,0.284881871909532
465,0.28448213099817
465.5,0.284082950995775
466,0.283684331115289
466.5,0.283286270570759
467,0.282888768577337
467.5,0.282491824351272
468,0.282095437109917
468.5,0.281699606071721
469,0.28130433045623
469.5,0.280909609484086
470,0.280515442377023
470.5,0.280121828357868
471,0.279728766650539
471.5,0.279336256480041
472,0.278944297072469
472.5,0.278552887655003
473,0.278162027455907
473.5,0.277771715704527
474,0.277381951631293
474.5,0.276992734467712
475,0.276604063446371
475.5,0.276215937800934
476,0.275828356766139
476.5,0.275441319577799
477,0.275054825472798
477.5,0.274668873689093
478,0.274283463465708
478.5,0.273898594042735
479,0.273514264661335
479.5,0.27313047456373
480,0.272747222993208
480.5,0.272364509194117
481,0.271982332411867
481.5,0.271600691892926
482,0.271219586884819
482.5,0.270839016636127
483,0.270458980396487
483.5,0.270079477416585
484,0.269700506948164
484.5,0.269322068244011
485,0.268944160557966
485.5,0.268566783144913
486,0.268189935260785
486.5,0.267813616162555
487,0.267437825108241
487.5,0.267062561356902
488,0.266687824168636
488.5,0.26631361280458
489,0.265939926526907
489.5,0.265566764598826
490,0.265194126284578
490.5,0.26482201084944
491,0.264450417559717
491.5,0.264079345682743
492,0.263708794486883
492.5,0.263338763241527
493,0.262969251217089
493.5,0.262600257685009
494,0.262231781917748
494.5,0.261863823188787
495,0.261496380772629
495.5,0.261129453944794
496,0.260763041981816
496.5,0.260397144161247
497,0.260031759761653
497.5,0.259666888062611
498,0.259302528344709
498.5,0.258938679889544
499,0.258575341979722
499.5,0.258212513898856
500,0.257850194931563
500.5,0.257488384363464
501,0.257127081481183
501.5,0.256766285572346
502,0.256405995925576
502.5,0.256046211830495
503,0.255686932577724
503.5,0.255328157458877
504,0.254969885766562
504.5,0.254612116794381
505,0.254254849836927
505.5,0.253898084189782
506,0.253541819149516
506.5,0.253186054013687
507,0.252830788080839
507.5,0.2524760206505
508,0.25212175102318
508.5,0.251767978500371
509,0.251414702384545
509.5,0.251061921979154
510,0.250709636588626
510.5,0.250357845518365
511,0.25000654807475
511.5,0.249655743565134
512,0.249305431297842
512.5,0.248955610582166
513,0.248606280728373
513.5,0.248257441047693
514,0.247909090852324
514.5,0.247561229455431
515,0.24721385617114
515.5,0.24686697031454
516,0.246520571201683
516.5,0.246174658149579
517,0.245829230476196
517.5,0.245484287500459
518,0.245139828542251
518.5,0.244795852922407
519,0.244452359962716
519.5,0.244109348985917
520,0.243766819315702
520.5,0.24342477027671
521,0.243083201194529
521.5,0.242742111395691
522,0.242401500207676
522.5,0.242061366958906
523,0.241721710978745
523.5,0.241382531597499
524,0.241043828146414
524.5,0.240705599957672
525,0.240367846364395
525.5,0.24003056670064
526,0.239693760301397
526.5,0.23935742650259
527,0.239021564641076
527.5,0.23868617405464
528,0.238351254081999
528.5,0.238016804062796
529,0.237682823337601
529.5,0.237349311247909
530,0.23701626713614
530.5,0.236683690345636
531,0.23635158022066
531.5,0.236019936106397
532,0.235688757348949
532.5,0.235358043295335
533,0.235027793293492
533.5,0.234698006692272
534,0.234368682841439
534.5,0.23403982109167
535,0.233711420794554
535.5,0.233383481302589
536,0.233056001969183
536.5,0.232728982148648
537,0.232402421196206
537.5,0.232076318467981
538,0.231750673321002
538.5,0.231425485113199
539,0.231100753203403
539.5,0.230776476951346
540,0.230452655717657
540.5,0.230129288863864
541,0.229806375752388
541.5,0.229483915746547
542,0.229161908210552
542.5,0.228840352509505
543,0.228519248009401
543.5,0.228198594077122
544,0.227878390080439
544.5,0.227558635388013
545,0.227239329369387
545.5,0.226920471394991
546,0.226602060836138
546.5,0.226284097065022
547,0.225966579454719
547.5,0.225649507379185
548,0.225332880213253
548.5,0.225016697332635
549,0.224700958113919
549.5,0.224385661934565
550,0.22407080817291
550.5,0.223756396208161
551,0.223442425420397
551.5,0.223128895190566
552,0.222815804900487
552.5,0.222503153932843
553,0.222190941671187
553.5,0.221879167499933
554,0.221567830804362
554.5,0.221256930970615
555,0.220946467385697
555.5,0.220636439437471
556,0.220326846514661
556.5,0.220017688006846
557,0.219708963304463
557.5,0.219400671798806
558,0.219092812882019
558.5,0.218785385947104
559,0.21847839038791
559.5,0.21817182559914
560,0.217865690976344
560.5,0.217559985915922
561,0.21725470981512
561.5,0.21694986207203
562,0.216645442085587
562.5,0.216341449255573
563,0.216037882982609
563.5,0.215734742668158
564,0.215432027714523
564.5,0.215129737524846
565,0.214827871503107
565.5,0.21452642905412
566,0.214225409583536
566.5,0.21392481249784
567,0.213624637204349
567.5,0.213324883111212
568,0.21302554962741
568.5,0.21272663616275
569,0.21242814212787
569.5,0.212130066934233
570,0.21183240999413
570.5,0.211535170720675
571,0.211238348527806
571.5,0.210941942830283
572,0.210645953043688
572.5,0.210350378584423
573,0.210055218869707
573.5,0.209760473317579
574,0.209466141346894
574.5,0.209172222377322
575,0.208878715829348
575.5,0.20858562112427
576,0.208292937684196
576.5,0.208000664932048
577,0.207708802291557
577.5,0.207417349187261
578,0.207126305044506
578.5,0.206835669289446
579,0.206545441349038
579.5,0.206255620651045
580,0.205966206624032
580.5,0.205677198697365
581,0.205388596301213
581.5,0.205100398866541
582,0.204812605825117
582.5,0.204525216609503
583,0.204238230653058
583.5,0.203951647389936
584,0.203665466255086
584.5,0.203379686684249
585,0.203094308113957
585.5,0.202809329981535
586,0.202524751725095
586.5,0.202240572783539
587,0.201956792596555
587.5,0.20167341060462
588,0.201390426248991
588.5,0.201107838971716
589,0.200825648215619
589.5,0.20054385342431
590,0.200262454042179
590.5,0.199981449514394
591,0.199700839286905
591.5,0.199420622806435
592,0.199140799520486
592.5,0.198861368877336
593,0.198582330326035
593.5,0.198303683316407
594,0.198025427299049
594.5,0.197747561725326
595,0.197470086047377
595.5,0.197192999718107
596,0.196916302191188
596.5,0.196639992921061
597,0.19636407136293
597.5,0.196088536972767
598,0.195813389207303
598.5,0.195538627524035
599,0.195264251381219
599.5,0.194990260237872
600,0.194716653553769
600.5,0.194443430789446
601,0.194170591406192
601.5,0.193898134866055
602,0.193626060631836
602.5,0.193354368167091
603,0.193083056936128
603.5,0.192812126404007
604,0.192541576036539
604.5,0.192271405300283
605,0.192001613662548
605.5,0.191732200591391
606,0.191463165555612
606.5,0.191194508024762
607,0.190926227469131
607.5,0.190658323359755
608,0.190390795168412
608.5,0.19012364236762
609,0.189856864430639
609.5,0.189590460831466
610,0.189324431044839
610.5,0.189058774546229
611,0.188793490811847
611.5,0.188528579318637
612,0.188264039544276
612.5,0.187999870967175
613,0.187736073066479
613.5,0.18747264532206
614,0.187209587214522
614.5,0.186946898225198
615,0.186684577836148
615.5,0.186422625530158
616,0.186161040790742
616.5,0.185899823102137
617,0.185638971949305
617.5,0.185378486817928
618,0.185118367194413
618.5,0.184858612565886
619,0.184599222420192
619.5,0.184340196245897
620,0.184081533532282
620.5,0.183823233769346
621,0.183565296447804
621.5,0.183307721059084
622,0.183050507095329
622.5,0.182793654049395
623,0.182537161414848
623.5,0.182281028685966
624,0.182025255357735
624.5,0.181769840925853
625,0.181514784886721
625.5,0.18126008673745
626,0.181005745975856
626.5,0.180751762100459
627,0.180498134610482
627.5,0.180244863005854
628,0.179991946787201
628.5,0.179739385455853
629,0.179487178513838
629.5,0.179235325463885
630,0.178983825809418
630.5,0.17873267905456
631,0.178481884704129
631.5,0.178231442263636
632,0.177981351239289
632.5,0.177731611137988
633,0.177482221467322
633.5,0.177233181735576
634,0.176984491451721
634.5,0.176736150125418
635,0.176488157267016
635.5,0.176240512387553
636,0.17599321499875
636.5,0.175746264613015
637,0.175499660743439
637.5,0.175253402903799
638,0.17500749060855
638.5,0.174761923372833
639,0.174516700712465
639.5,0.174271822143944
640,0.174027287184449
640.5,0.173783095351832
641,0.173539246164625
641.5,0.173295739142035
642,0.173052573803941
642.5,0.172809749670899
643,0.172567266264136
643.5,0.172325123105552
644,0.172083319717717
644.5,0.17184185562387
645,0.171600730347921
645.5,0.171359943414446
646,0.171119494348691
646.5,0.170879382676565
647,0.170639607924644
647.5,0.170400169620167
648,0.170161067291039
648.5,0.169922300465824
649,0.16968386867375
649.5,0.169445771444704
650,0.169208008309235
650.5,0.168970578798547
651,0.168733482444506
651.5,0.168496718779632
652,0.168260287337102
652.5,0.168024187650747
653,0.167788419255053
653.5,0.167552981685161
654,0.16731787447686
654.5,0.167083097166594
655,0.166848649291457
655.5,0.16661453038919
656,0.166380739998185
656.5,0.166147277657482
657,0.165914142906767
657.5,0.165681335286371
658,0.165448854337271
658.5,0.165216699601088
659,0.164984870620086
659.5,0.164753366937172
660,0.164522188095894
